total,male,female,pct_male,pct_female
1053252,509826,543426,0.484049401283,0.515950598717
