pop_5+,eng_only,ne_very,ne_less,pct_eng_only,pct_ne_very,pct_ne_less
997740,786891,125969.287,84879.713,0.788673401888,0.126254622447,0.085071975665
