area,total,white,black,native,asian,pac,other,multi,hispanic,pct_white,pct_black,pct_native,pct_asian,pct_pac,pct_other,pct_multi,pct_hispanic
1,124580,104832,3454,201,4015,0,406,2395,9277,0.841483384171,0.0277251565259,0.00161342109488,0.0322282870445,0.0,0.00325895007224,0.019224594638,0.0744662064537
2,90719,43058,12503,115,1174,68,3601,2848,27352,0.474630452276,0.137821184096,0.00126765065752,0.0129410597559,0.000749567345319,0.0396940001543,0.0313936441098,0.301502441605
3,178562,65111,22646,1441,11310,176,1467,4342,72069,0.364640853037,0.126824296323,0.00807002609738,0.0633393443174,0.000985652042428,0.00821563378546,0.0243164839104,0.403607710487
4,188253,156221,6801,611,6637,51,636,3355,13941,0.82984600511,0.0361269143121,0.00324563220772,0.0352557462564,0.000270912017338,0.00337843221622,0.0178217611406,0.0740545967395
5,165253,149709,2160,145,3870,11,328,2856,6174,0.905938167537,0.0130708670947,0.000877442467005,0.023418636878,6.65646009452e-05,0.00198483537364,0.0172825909363,0.0373608951123
6,126609,116212,1859,1051,2374,0,90,1574,3449,0.917881035313,0.0146830004186,0.00830114762774,0.0187506417395,0.0,0.000710849939578,0.0124319756099,0.0272413493512
7,96504,83962,2993,97,1778,16,676,3396,3586,0.870036475172,0.0310142584763,0.00100513968333,0.0184241067728,0.000165796236425,0.00700489098897,0.0351902511813,0.0371590814889
8,82772,71817,2650,159,1275,106,330,2451,3984,0.867648480162,0.0320156574687,0.00192093944812,0.0154037597255,0.00128062629875,0.00398685545837,0.0296114628135,0.0481322186247
